datetime,subreddit,body
2021-02-02 07:56:07,CrackheadCraigslist,Yeah I would totally buy this lmao
2021-02-02 07:53:04,CrackheadCraigslist,Dr. Bright is that you?
2021-02-02 07:45:25,CrackheadCraigslist,"Makes a great gag gift

Come on OP it was right there!"
2021-02-02 07:36:31,CrackheadCraigslist,r/GTAGE
2021-02-02 07:34:08,CrackheadCraigslist,"69? Nice. 

I am a bot lol."
2021-02-02 07:33:53,CrackheadCraigslist,Only 69 payments of $69.69.
2021-02-02 07:29:47,CrackheadCraigslist,1
2021-02-02 07:22:34,CrackheadCraigslist,F
2021-02-02 06:59:02,CrackheadCraigslist,Very tasty
2021-02-02 06:58:51,CrackheadCraigslist,Oof
2021-02-02 06:58:28,CrackheadCraigslist,Wouldn't be so bad if it weren't for the price
2021-02-02 06:51:25,CrackheadCraigslist,"I agree about the nazis, but leave my mom out of this"
2021-02-02 06:48:15,CrackheadCraigslist,"This post has been automatically removed because the link is broken or deleted. You will need to fix it and resubmit.

-----------------------

*I'm a bot so if I was wrong, reply to me and a moderator will check it.*"
2021-02-02 06:41:14,CrackheadCraigslist,That is a a very nice freezer at a very reasonable price
2021-02-02 06:38:46,CrackheadCraigslist,I‚Äôd buy this purely out of irony; much like the moby huge 3ft penis
2021-02-02 06:30:43,CrackheadCraigslist,Where's the problem
2021-02-02 06:19:44,CrackheadCraigslist,i want one. does this fall under the California gun ban?
2021-02-02 06:18:04,CrackheadCraigslist,Maybe he thought this was Craigslist FOR Crackheads and was trying to post an ad
2021-02-02 06:16:10,CrackheadCraigslist,"**mmhmm right, the price is.** 

*-skullandvoid*



***

[^(Discuss about me)](https://www.reddit.com/r/YodaIsOnReddit/)

^(Commands: 'opt out', 'opt in', 'delete')"
2021-02-02 06:15:47,CrackheadCraigslist,The price is right.
2021-02-02 06:15:30,CrackheadCraigslist,The battery acid just squirted out of the top
2021-02-02 06:12:29,CrackheadCraigslist,Nice
2021-02-02 06:09:55,CrackheadCraigslist,Rub it
2021-02-02 06:09:39,CrackheadCraigslist,The fact that it‚Äôs $69 too.
2021-02-02 06:05:17,CrackheadCraigslist,...I don‚Äôt get it
2021-02-02 05:55:35,CrackheadCraigslist,"Unless this person works construction and borrowed them from the job site. Then it's free. I worked with a guy and he took bad and extra lumber that was never picked back up from job sites all summer and had enough to build a garage minus the siding, shingles, and nails"
2021-02-02 05:48:31,CrackheadCraigslist,Nice
2021-02-02 05:45:06,CrackheadCraigslist,never expected estonia to be here lol
2021-02-02 05:43:00,CrackheadCraigslist,[deleted]
2021-02-02 05:27:53,CrackheadCraigslist,Ksl has local classifieds
2021-02-02 05:26:42,CrackheadCraigslist,It‚Äôs a dick inside a pussy inside a dick. Dickception.
2021-02-02 05:23:23,CrackheadCraigslist,Not his fault the hive was poorly managed and produced an inferior product.
2021-02-02 05:23:22,CrackheadCraigslist,Your mother
2021-02-02 05:22:39,CrackheadCraigslist,"Hopefully it's got a sweet surprise and by that, I mean candy. Obviously."
2021-02-02 05:19:56,CrackheadCraigslist,Because it‚Äôll light up your workplace
2021-02-02 05:17:14,CrackheadCraigslist,"Probably listed as garden tools in order to get around facebook's shitty draconian rules about what words can be used in the listings on those buy, sell, and trade groups."
2021-02-02 05:09:57,CrackheadCraigslist,"Is that a ""blown"" glass lamp shade?"
2021-02-02 05:09:04,CrackheadCraigslist,It‚Äôs just a pi√±ata! ü¶ôüéä
2021-02-02 05:05:31,CrackheadCraigslist,Is this still available?
2021-02-02 05:03:40,CrackheadCraigslist,The price makes it better
2021-02-02 05:02:50,CrackheadCraigslist,Why is this on ksl?
2021-02-02 04:58:35,CrackheadCraigslist,Into what?
2021-02-02 04:58:11,CrackheadCraigslist,That‚Äôs fucking awesome
2021-02-02 04:48:25,CrackheadCraigslist,[deleted]
2021-02-02 04:48:11,CrackheadCraigslist,r/angryupvote
2021-02-02 04:38:00,CrackheadCraigslist,I'll take it
2021-02-02 04:36:24,CrackheadCraigslist,His work is so hot!
2021-02-02 04:36:16,CrackheadCraigslist,"Hey man these guys are being really rude saying your font isn't cool, but I like it üòä"
2021-02-02 04:35:42,CrackheadCraigslist,vulpes inculta would like to know your location
2021-02-02 04:35:23,CrackheadCraigslist,They‚Äôre charging way too much for that nest. It looks damaged.
2021-02-02 04:30:15,CrackheadCraigslist," Cum lamp
 Cum lamp
 Cum lamp 
 Cum lamp
 Cum lamp
 Cum lamp 
 Cum lamp
 Cum lamp
 Cum lamp"
2021-02-02 04:29:03,CrackheadCraigslist,"The subreddit r/DickLamps does not exist. Consider [creating it](/subreddits/create?name=DickLamps).

---
^^ü§ñ ^^this ^^comment ^^was ^^written ^^by ^^a ^^bot. ^^beep ^^boop ^^ü§ñ

^^feel ^^welcome ^^to ^^respond ^^'Bad ^^bot'/'Good ^^bot', ^^it's ^^useful ^^feedback. [^^github](https://github.com/Toldry/RedditAutoCrosspostBot)"
2021-02-02 04:28:45,CrackheadCraigslist,[deleted]
2021-02-02 04:28:33,CrackheadCraigslist,How do you turn it on
2021-02-02 04:27:08,CrackheadCraigslist,Why
2021-02-02 04:23:00,CrackheadCraigslist,Does it come with preloaded with my govt money?
2021-02-02 04:12:33,CrackheadCraigslist,"With work and dedication, yes."
2021-02-02 04:11:40,CrackheadCraigslist,I‚Äôd buy it in a heartbeat
2021-02-02 04:11:38,CrackheadCraigslist,Bu you can still grow up to be a giant asshole.
2021-02-02 04:10:55,CrackheadCraigslist,I actually really like it lol
2021-02-02 04:06:15,CrackheadCraigslist,Masterpiece
2021-02-02 04:06:09,CrackheadCraigslist,why is still not marked NSFW
2021-02-02 04:05:24,CrackheadCraigslist,"Damn, I want to see, ‚ÄòYou might be interested in‚Äô."
2021-02-02 04:02:49,CrackheadCraigslist,penguinz0 would buy this in a heartbeat.
2021-02-02 03:58:37,CrackheadCraigslist,Got some long hands there
2021-02-02 03:53:23,CrackheadCraigslist,Ngl it would look great beside the leg lamp from Christmas Story.
2021-02-02 03:50:45,CrackheadCraigslist,^^^thanks
2021-02-02 03:44:53,CrackheadCraigslist,"Truly a piece of art, it's the [‚ÄòArrival‚Äô \(La Belle Epoque\)](http://www.carykwok.com/arrival-la-belle-epoque) lamp sculpture."
2021-02-02 03:35:42,CrackheadCraigslist,Take off the top and you got yourself a dick toy
2021-02-02 03:33:42,CrackheadCraigslist,At least I won‚Äôt be the only thing getting turned on in my room anymore.
2021-02-02 03:24:43,CrackheadCraigslist,What a deal
2021-02-02 03:22:38,CrackheadCraigslist,"Not a hole, Keisha! A valve."
2021-02-02 03:22:26,CrackheadCraigslist,r/theyknew
2021-02-02 03:16:56,CrackheadCraigslist,That cum looks pretty cool ngl
2021-02-02 03:12:42,CrackheadCraigslist,I believe you
2021-02-02 03:02:49,CrackheadCraigslist,I was thinking of a vegetable oil jug
2021-02-02 03:02:01,CrackheadCraigslist,iNce
2021-02-02 02:51:44,CrackheadCraigslist,Nice.
2021-02-02 02:35:48,CrackheadCraigslist,"No, you just *plug* it in  
( Õ°¬∞ Õú ñ Õ°¬∞)"
2021-02-02 02:34:05,CrackheadCraigslist,Looks like Sauron‚Äôs puckered corn hole
2021-02-02 02:27:02,CrackheadCraigslist,Imagine how desperate your life must be if you buy this
2021-02-02 02:18:46,CrackheadCraigslist,I appreciate the price and the product
2021-02-02 02:14:18,CrackheadCraigslist,IT'S AFRAID
2021-02-02 02:06:33,CrackheadCraigslist,Do you have to wank it to *turn it on*
2021-02-02 02:03:46,CrackheadCraigslist,Came here to say this.
2021-02-02 01:55:47,CrackheadCraigslist,r/ATBGE
2021-02-02 01:49:41,CrackheadCraigslist,H
2021-02-02 01:37:08,CrackheadCraigslist,art is art lol
2021-02-02 01:27:35,CrackheadCraigslist,"Well, technically a tiny, insignificant asshole."
2021-02-02 01:16:34,CrackheadCraigslist,"Depressingly, I wouldn't"
2021-02-02 01:13:15,CrackheadCraigslist,Wasn't expecting an actual answer. Wow
2021-02-02 01:12:39,CrackheadCraigslist,r/dontputyourdickinthat
2021-02-02 01:09:01,CrackheadCraigslist,Nice
2021-02-02 00:51:50,CrackheadCraigslist,Could you imagine cleaning ash out of those little crevices? Oh man.
2021-02-02 00:33:55,CrackheadCraigslist,Nice
2021-02-02 00:22:13,CrackheadCraigslist,That ring piece looks like it has a wart on it.
2021-02-02 00:20:19,CrackheadCraigslist,I‚Äôm just trying to imagine what top to wear with it.
2021-02-02 00:18:24,CrackheadCraigslist,‚ÄúNobody has this exact skirt‚Äù ..I wonder why.
2021-02-02 00:14:28,CrackheadCraigslist,Genuenly thought that was flesh
2021-02-02 00:14:03,CrackheadCraigslist,"You sound like Karen ... lol
Do you want to speak to the manager?"
